{
    "x": -15744.6875,
    "y": -2503.104736328125,
    "z": 7805.3896484375,
    "rot_x": 0.24562011659145355,
    "rot_y": 2.0886101722717285,
    "rot_z": 0.0
}