{
    "x": -17263.796875,
    "y": -2494.46142578125,
    "z": 13196.4443359375,
    "rot_x": 0.30864691734313965,
    "rot_y": -1.0335127115249634,
    "rot_z": -0.0
}