{
    "x": -15942.216796875,
    "y": -2510.991943359375,
    "z": 12957.1318359375,
    "rot_x": 0.0,
    "rot_y": 0.0,
    "rot_z": 0.0
}