{
    "map1_scale": [
        41400.0,
        49900.0
    ],
    "map2_scale": [
        25840.0,
        25690.0
    ],
    "map3_scale": [
        30.80901336669922,
        30.312604904174805
    ],
    "map1_amplitude": -2500,
    "map2_amplitude": 1410,
    "map3_amplitude": 0.9999999999999989,
    "water_altitude": -2515,
    "water_reflexion": 0.8900000000000003,
    "offset_terrain": [
        -8.999998092651367,
        -49.94001007080078,
        0.5
    ],
    "mineral_1_color": [
        0.9372549057006836,
        0.7490196228027344,
        0.3843137323856354,
        1.0
    ],
    "mineral_2_color": [
        0.13333334028720856,
        0.1065744012594223,
        0.054901961237192154,
        1.0
    ],
    "speculaire_neige": [
        0.05181717872619629,
        0.062745101749897,
        0.025590157136321068,
        1.0
    ],
    "brillance_mineral": 88,
    "speculaire_mineral": [
        0.07058823853731155,
        0.07058823853731155,
        0.07058823853731155,
        1.0
    ],
    "brillance_neige": 36,
    "mineral_fading": [
        -917.0,
        -150.0
    ],
    "water_color": [
        1.0,
        0.46666666865348816,
        0.6392157077789307,
        1.0
    ],
    "zenith_color": [
        0.2392156720161438,
        0.6151325106620789,
        1.0,
        1.0
    ],
    "ambiant_intensity": 0.25000000000000006,
    "horizon_color": [
        1.0,
        1.0,
        1.0,
        1.0
    ],
    "snow_color": [
        1.0,
        0.8549019694328308,
        0.4588235318660736,
        1.0
    ],
    "gem_color": [
        1.0,
        0.9372549057006836,
        0.9803921580314636,
        1.0
    ],
    "sunlight_color": [
        1.0,
        1.0,
        1.0,
        1.0
    ],
    "skylight_color": [
        0.17030371725559235,
        0.1954813450574875,
        0.3843137323856354,
        1.0
    ]
}