{
    "x": -14766.4130859375,
    "y": 42.78856658935547,
    "z": 6213.11474609375,
    "rot_x": 0.22966910898685455,
    "rot_y": -1.0424846410751343,
    "rot_z": -0.0
}