{
    "brillance_mineral": 88,
    "map2_amplitude": 2600,
    "horizon_color": [
        1.0,
        1.0,
        1.0,
        1.0
    ],
    "speculaire_mineral": [
        0.07058823853731155,
        0.07058823853731155,
        0.07058823853731155,
        1.0
    ],
    "offset_terrain": [
        -8.999998092651367,
        -49.94001007080078,
        0.5
    ],
    "skylight_color": [
        0.12087659537792206,
        0.12356875836849213,
        0.23529411852359772,
        1.0
    ],
    "water_altitude": -21,
    "mineral_2_color": [
        0.13333334028720856,
        0.1065744012594223,
        0.054901961237192154,
        1.0
    ],
    "mineral_1_color": [
        0.9372549057006836,
        0.7490196228027344,
        0.3843137323856354,
        1.0
    ],
    "zenith_color": [
        0.0,
        0.4941176474094391,
        1.0,
        1.0
    ],
    "map1_amplitude": 300,
    "sunlight_color": [
        1.0,
        1.0,
        1.0,
        1.0
    ],
    "snow_color": [
        1.0,
        0.8549019694328308,
        0.4588235318660736,
        1.0
    ],
    "map3_amplitude": -8.149999999999983,
    "map1_scale": [
        21400.0,
        19900.0
    ],
    "map2_scale": [
        54840.0,
        15690.0
    ],
    "mineral_fading": [
        -917.0,
        -150.0
    ],
    "map3_scale": [
        265.60797119140625,
        324.5115661621094
    ],
    "gem_color": [
        1.0,
        0.364705890417099,
        0.0,
        1.0
    ],
    "brillance_neige": 36,
    "water_reflexion": 0.8900000000000003,
    "speculaire_neige": [
        0.05181717872619629,
        0.062745101749897,
        0.025590157136321068,
        1.0
    ],
    "water_color": [
        1.0,
        0.46666666865348816,
        0.1725490242242813,
        1.0
    ],
    "ambiant_intensity": 0.21000000000000005
}