{
    "x": -14725.8935546875,
    "rot_z": 0.0,
    "rot_x": 0.08504387736320496,
    "rot_y": 1.9913890361785889,
    "y": 25.344526290893555,
    "z": 5789.03125
}