{
    "x": -14707.693359375,
    "rot_z": 0.0,
    "rot_x": 0.0,
    "rot_y": 0.0,
    "y": 23.644760131835938,
    "z": 5780.8623046875
}