{
    "x": -15729.7333984375,
    "y": -2507.192626953125,
    "z": 7797.28515625,
    "rot_x": 0.0,
    "rot_y": 0.0,
    "rot_z": 0.0
}