{
    "x": -14778.544921875,
    "y": 39.35774612426758,
    "z": 6220.83056640625,
    "rot_x": 0.0,
    "rot_y": 0.0,
    "rot_z": 0.0
}