{
    "x": -3481.6630859375,
    "y": -32.8385124206543,
    "z": 2885.244873046875,
    "rot_x": 0.3778311610221863,
    "rot_y": -0.7872965335845947,
    "rot_z": -0.0
}