{
    "x": -3491.891357421875,
    "y": -38.888336181640625,
    "z": 2895.61767578125,
    "rot_x": 0.0,
    "rot_y": 0.0,
    "rot_z": 0.0
}