{
    "map1_scale": [
        4980.0,
        4030.0
    ],
    "map2_scale": [
        379.0,
        311.0
    ],
    "map3_scale": [
        33.630165100097656,
        33.89016342163086
    ],
    "map1_amplitude": 210,
    "map2_amplitude": 20,
    "map3_amplitude": 1.0000000000000018,
    "water_altitude": -39.6,
    "water_reflexion": 0.6100000000000001,
    "offset_terrain": [
        -8.999998092651367,
        -49.980003356933594,
        0.5
    ],
    "mineral_1_color": [
        0.2378470003604889,
        0.2674088478088379,
        0.29019609093666077,
        1.0
    ],
    "mineral_2_color": [
        0.32549020648002625,
        0.2935793995857239,
        0.29958614706993103,
        1.0
    ],
    "speculaire_neige": [
        0.05181717872619629,
        0.062745101749897,
        0.025590157136321068,
        1.0
    ],
    "brillance_mineral": 88,
    "speculaire_mineral": [
        0.07058823853731155,
        0.07058823853731155,
        0.07058823853731155,
        1.0
    ],
    "brillance_neige": 32,
    "mineral_fading": [
        257.0,
        700.0
    ],
    "water_color": [
        0.29411765933036804,
        0.6196078658103943,
        0.6666666865348816,
        1.0
    ],
    "zenith_color": [
        0.10588235408067703,
        0.545098066329956,
        0.9176470637321472,
        1.0
    ],
    "ambiant_intensity": 0.2,
    "horizon_color": [
        0.658823549747467,
        0.886274516582489,
        0.9725490212440491,
        1.0
    ],
    "snow_color": [
        0.5882353186607361,
        0.615686297416687,
        0.27450981736183167,
        1.0
    ],
    "gem_color": [
        1.0,
        1.0,
        0.0,
        1.0
    ],
    "sunlight_color": [
        1.0,
        1.0,
        1.0,
        1.0
    ],
    "skylight_color": [
        0.40392157435417175,
        0.615686297416687,
        0.5529412031173706,
        1.0
    ]
}