{
    "map1_scale_x": 21100.0,
    "map1_scale_y": 19900.0,
    "map2_scale_x": 3820.0,
    "map2_scale_y": 3140.0,
    "map3_scale_x": 114.49978637695312,
    "map3_scale_y": 119.7997055053711,
    "map1_amplitude": 1400,
    "map2_amplitude": 220,
    "map3_amplitude": 1.0500000000000018,
    "distance_factor": 1.0109999999999988,
    "water_altitude": 42,
    "water_reflexion": 0.43999999999999995,
    "offset_x": -1.1000001430511475,
    "offset_y": -49.980003356933594,
    "offset_z": 0.5,
    "water_color": [
        0.6666666865348816,
        0.29281044006347656,
        0.29281044006347656,
        1.0
    ],
    "zenith_color": [
        0.9176470637321472,
        0.10435985773801804,
        0.12349613755941391,
        1.0
    ],
    "horizon_color": [
        0.6598078012466431,
        0.9725490212440491,
        0.7996214628219604,
        1.0
    ],
    "snow_color": [
        0.7254902124404907,
        0.6641373038291931,
        0.3243367671966553,
        1.0
    ],
    "gem_color": [
        1.0,
        1.0,
        0.0,
        1.0
    ],
    "sunlight_color": [
        1.0,
        1.0,
        1.0,
        1.0
    ],
    "skylight_color": [
        0.40392157435417175,
        0.615686297416687,
        0.5529412031173706,
        1.0
    ]
}