{
    "x": 3155.1201171875,
    "y": 94.02062225341797,
    "z": -2392.648681640625,
    "rot_x": 0.29983699321746826,
    "rot_y": -1.9117937088012695,
    "rot_z": 0.0
}