{
    "x": 3108.94873046875,
    "y": 79.03764343261719,
    "z": -2408.548583984375,
    "rot_x": 0.0,
    "rot_y": 0.0,
    "rot_z": 0.0
}