{
    "map1_scale": [
        9500.0,
        7700.0
    ],
    "map2_scale": [
        31960.0,
        31790.0
    ],
    "map3_scale": [
        100.60797119140625,
        101.41155242919922
    ],
    "map1_amplitude": -300,
    "map2_amplitude": 610,
    "map3_amplitude": 2.4499999999999984,
    "water_altitude": -172,
    "water_reflexion": 0.7200000000000002,
    "offset_terrain": [
        -8.999998092651367,
        -49.94001007080078,
        0.5
    ],
    "mineral_1_color": [
        0.9372549057006836,
        0.7490196228027344,
        0.3843137323856354,
        1.0
    ],
    "mineral_2_color": [
        0.13333334028720856,
        0.1065744012594223,
        0.054901961237192154,
        1.0
    ],
    "speculaire_neige": [
        0.05181717872619629,
        0.062745101749897,
        0.025590157136321068,
        1.0
    ],
    "brillance_mineral": 88,
    "speculaire_mineral": [
        0.07058823853731155,
        0.07058823853731155,
        0.07058823853731155,
        1.0
    ],
    "brillance_neige": 36,
    "mineral_fading": [
        -917.0,
        -150.0
    ],
    "water_color": [
        0.17254900932312012,
        1.0,
        0.8734486103057861,
        1.0
    ],
    "zenith_color": [
        0.14901959896087646,
        0.569503903388977,
        1.0,
        1.0
    ],
    "ambiant_intensity": 0.2,
    "horizon_color": [
        1.0,
        1.0,
        0.886274516582489,
        1.0
    ],
    "snow_color": [
        1.0,
        0.8549019694328308,
        0.4588235318660736,
        1.0
    ],
    "gem_color": [
        0.3450980484485626,
        0.5686274766921997,
        1.0,
        1.0
    ],
    "sunlight_color": [
        1.0,
        1.0,
        0.9450980424880981,
        1.0
    ],
    "skylight_color": [
        0.13725490868091583,
        0.13725490868091583,
        0.13725490868091583,
        1.0
    ]
}