{
    "x": 4036.416259765625,
    "y": -58.92742919921875,
    "z": -5357.14013671875,
    "rot_x": 0.0934220403432846,
    "rot_y": 1.755264163017273,
    "rot_z": 0.0
}