{
    "x": 4056.205810546875,
    "y": -60.778987884521484,
    "z": -5361.083984375,
    "rot_x": 0.0,
    "rot_y": 0.0,
    "rot_z": 0.0
}