{
    "map1_scale": [
        2020.0,
        2120.0
    ],
    "map2_scale": [
        5460.0,
        5490.0
    ],
    "map3_scale": [
        37.808929443359375,
        38.412513732910156
    ],
    "map1_amplitude": 122,
    "map2_amplitude": -160,
    "map3_amplitude": -1.1000000000000008,
    "water_altitude": -68,
    "water_reflexion": 0.5800000000000001,
    "offset_terrain": [
        -8.999998092651367,
        -49.94001007080078,
        0.5
    ],
    "mineral_1_color": [
        0.29019609093666077,
        0.24085941910743713,
        0.21394847333431244,
        1.0
    ],
    "mineral_2_color": [
        0.6509804129600525,
        0.47879719734191895,
        0.35229524970054626,
        1.0
    ],
    "speculaire_neige": [
        0.0,
        0.0,
        0.0,
        1.0
    ],
    "brillance_mineral": 1,
    "speculaire_mineral": [
        0.0,
        0.0,
        0.0,
        1.0
    ],
    "brillance_neige": 71,
    "mineral_fading": [
        -7.0,
        52.0
    ],
    "water_color": [
        0.09587714821100235,
        0.18431372940540314,
        0.06866589188575745,
        1.0
    ],
    "zenith_color": [
        0.5215686559677124,
        0.2549019753932953,
        0.22745098173618317,
        1.0
    ],
    "ambiant_intensity": 0.2,
    "horizon_color": [
        1.0,
        0.8705882430076599,
        0.7176470756530762,
        1.0
    ],
    "snow_color": [
        0.7960784435272217,
        0.5958375930786133,
        0.4339408278465271,
        1.0
    ],
    "gem_color": [
        1.0,
        0.8745098114013672,
        0.545098066329956,
        1.0
    ],
    "sunlight_color": [
        1.0,
        0.8980392217636108,
        0.7686274647712708,
        1.0
    ],
    "skylight_color": [
        0.26274511218070984,
        0.21704502403736115,
        0.12879662215709686,
        1.0
    ]
}