{
    "x": -5649.88671875,
    "y": 1058.2891845703125,
    "z": 2174.248291015625,
    "rot_x": 0.0974719226360321,
    "rot_y": -0.7524138689041138,
    "rot_z": -0.0
}