{
    "x": -5660.86669921875,
    "y": 1056.9114990234375,
    "z": 2180.11328125,
    "rot_x": 0.0,
    "rot_y": 0.0,
    "rot_z": 0.0
}